URL,HTTP status,Title,Description,Canonical,Meta robots,X-Robots-Tag,H1,Server main-text characters,OG image,JSON-LD blocks
https://cel3interactive.com/,200,"CEL3 Interactive | Custom Business Platforms, Portals, Dashboards & AI Workflows","CEL3 Interactive builds custom websites, client portals, business consoles, dashboards, booking systems, payment workflows, and AI-assisted operations tools for businesses that have outgrown disconnected software.",,,,Your website is only the front door. We build the business system behind it.,8383,,0
https://cel3interactive.com/work,200,Work by Platform Type | CEL3 Interactive | CEL3 Interactive,"Explore CEL3 Interactive work across web apps, mobile app experiences, SaaS projects, websites, and digital business systems.",,,,"Websites, SaaS products, apps, and business systems built with the same platform mindset.",6883,,0
https://cel3interactive.com/business-consoles-operations-platforms,200,Custom Business Consoles & Operations Platforms | CEL3 Interactive | CEL3 Interactive,"Custom backoffice systems for managing customers, bookings, payments, content, staff workflows, reporting, and AI-assisted operations.",,,,"The secure backoffice behind your website, customers, bookings, payments, and operations.",2832,,0
https://cel3interactive.com/custom-web-applications,200,Custom Web Applications & Business Platforms | CEL3 Interactive | CEL3 Interactive,"Custom portals, dashboards, ecommerce systems, booking flows, internal tools, and workflow platforms for companies that off-the-shelf software does not fit.",,,,Custom web applications built around how your business actually works.,3060,,0
https://cel3interactive.com/custom-data-dashboards,200,"Custom CRMs, Dashboards & Reporting Systems | CEL3 Interactive | CEL3 Interactive","Custom CRMs, customer records, dashboards, and reporting surfaces that turn scattered data into clear operational views your team can trust.",,,,Turn scattered customer records and reporting into a dashboard your team can trust.,2836,,0
https://cel3interactive.com/interactive-digital-experiences,200,Business Websites & Digital Experiences | CEL3 Interactive | CEL3 Interactive,"Business websites and digital experiences that explain services clearly, support customer action, and are built to be maintained.",,,,Websites that explain the business and help customers take action.,3757,,0
https://cel3interactive.com/ai-enhanced-systems,200,AI-Assisted Workflows & Operations Systems | CEL3 Interactive | CEL3 Interactive,"Practical AI-assisted workflows that help teams summarize, draft, route, follow up, and report faster while keeping important actions human-approved.",,,,AI-assisted workflows that reduce admin without giving up control.,2751,,0
https://cel3interactive.com/client-portals-service-businesses,200,Client Portals & Business Platforms for Service Businesses | CEL3 Interactive | CEL3 Interactive,"Client portals, booking flows, dashboards, payment workflows, customer records, and AI-assisted admin tools for service businesses with disconnected operations.",,,,"Client portals, booking flows, dashboards, and business systems for service businesses.",1341,,0
https://cel3interactive.com/build-your-platform,200,Build Your Platform | CEL3 Interactive | CEL3 Interactive,"Choose website, CRM, AI, ecommerce, mobile, and custom software features to generate a CEL3 Interactive business platform proposal.",,,,Pick the pieces. CEL3 turns them into a platform plan.,2027,,0
https://cel3interactive.com/assessment,200,Digital Systems Audit | CEL3 Interactive | CEL3 Interactive,"Book a $150 Digital Systems Audit to review your website, tools, workflows, customer journey, admin bottlenecks, and opportunities for automation or custom platform development.",,,,"Find out what to fix, improve, automate, or build next.",2190,,0
https://cel3interactive.com/assessment/success,200,CEL3 Interactive,"Custom web applications, CRMs, dashboards, and interactive digital experiences.",,,,Payment not found,129,,0
https://cel3interactive.com/site-suspended,200,CEL3 Interactive,"Custom web applications, CRMs, dashboards, and interactive digital experiences.",,,,Site Temporarily Unavailable,833,,0
https://cel3interactive.com/downloads/unlockingrva,200,UnlockingRVA · Website handoff | CEL3 Interactive,Your Option C website package from CEL3 Interactive.,,"noindex, nofollow, nocache",,"Your next chapter,ready to unpack.",638,,0
https://cel3interactive.com/mockups,200,Mockup directory · CEL3 Interactive,,,"noindex,nofollow,noarchive","noindex, nofollow, noarchive",Mockup directory,152,,0
https://cel3interactive.com/admin/login,200,CEL3 Interactive,"Custom web applications, CRMs, dashboards, and interactive digital experiences.",,,,CEL3 Interactive,69,,0
https://cel3interactive.com/portal/auth/login,200,Client Portal — CEL3 Interactive | CEL3 Interactive,Your dedicated client portal,,,,,0,,0
https://cel3interactive.com/work/biobox,200,BioBox | Work | CEL3 Interactive,"BioBox is a modular creator profile and digital presence platform that combines link-in-bio functionality, media, commerce, messaging, discovery, and Studio collaboration in one flexible system.",,,,BioBox,3237,,0
https://cel3interactive.com/work/griotos,200,GriotOS | Work | CEL3 Interactive,"GriotOS is a multi-channel marketing and social media operations platform built to unify publishing, campaign execution, audience management, and AI-assisted content workflows in one system.",,,,GriotOS,3153,,0
https://cel3interactive.com/work/forgeos,200,ForgeOS | Work | CEL3 Interactive,"A business operating workspace for managing clients, projects, systems, delivery workflows, and repeatable service operations in one place.",,,,ForgeOS,2472,,0
https://cel3interactive.com/work/flowforge,200,FlowForge | Work | CEL3 Interactive,"A workflow automation product concept for designing repeatable processes, triggers, handoffs, approvals, and execution paths.",,,,FlowForge,2430,,0
https://cel3interactive.com/work/sacred-vibes-yoga,200,Sacred Vibes Yoga | Work | CEL3 Interactive,"A multi-brand wellness platform running Sacred Vibes Yoga and its sub-brands Sacred Hands and Sacred Sound from one connected system — booking and payments, a paid membership content library, event sync, and an AI-powered admin assistant that manages the business by conversation.",,,,Sacred Vibes Yoga,4108,,0
https://cel3interactive.com/work/magdalenas-metaphysical,200,Magdalena's Metaphysical | Work | CEL3 Interactive,"A full ecommerce and business management platform for a Richmond botanica — product sales, practitioner bookings, events, and gift cards on the front end, with an AI-assisted admin console running the entire operation behind it.",,,,Magdalena's Metaphysical,3719,,0
https://cel3interactive.com/work/meterwise,200,MeterWise | Work | CEL3 Interactive,"A utility intelligence platform concept for tracking usage, accounts, alerts, customer-facing energy insights, and operational visibility.",,,,MeterWise,2468,,0
https://cel3interactive.com/work/archeionos,200,ArcheionOS | Work | CEL3 Interactive,"A backoffice operating system for managing clients, projects, billing, contracts, automations, email, portals, and operational records.",,,,ArcheionOS,2663,,0
https://cel3interactive.com/work/haus-of-anubis,200,Haus of Anubis | Work | CEL3 Interactive,"A cinematic ecommerce and business platform for a luxury spiritual apothecary — a full product catalog, services and ritual bookings, and a unified admin console that manages every part of the business from one place.",,,,Haus of Anubis,3504,,0
https://cel3interactive.com/work/calm-therapeutic-massage,200,Calm Therapeutic Massage | Work | CEL3 Interactive,"A complete business management platform for a Virginia Beach massage practice — a marketing site, a full admin console, and Stripe-powered commerce running on one connected system, replacing a scattered mix of separate booking, payment, and email tools.",,,,Calm Therapeutic Massage,3857,,0
https://cel3interactive.com/work/blu-lotus-garden,200,Blu Lotus Garden | Work | CEL3 Interactive,"A full migration from WordPress/WooCommerce to a custom ecommerce and booking platform for a botanical wellness brand — herbal product sales, sound therapy bookings, wholesale inquiries, and a complete admin console replacing the old site entirely.",,,,Blu Lotus Garden,3386,,0
https://cel3interactive.com/work/mr-1-dribble-pull-up,200,Mr. 1 Dribble Pull Up | Work | CEL3 Interactive,"A full athlete development platform (AthleteOS) built as an installable app — training assignments, video-reviewed check-ins, XP and badge progression, team rosters, and a parent portal, run from a coach admin console with subscription billing built in.",,,,Mr. 1 Dribble Pull Up,3539,,0
