path,status,title,description,canonical,h1,schemaTypes,fitTarget,schemaValid
"/","200","Custom Business Platforms in Richmond | CEL3 Interactive","Richmond-based CEL3 Interactive builds websites, client portals, dashboards, business consoles and AI-assisted workflows for businesses with disconnected tools.","https://cel3interactive.com/","Your website is only the front door. We build the business system behind it.","Organization | WebSite | WebPage","true","true"
"/business-consoles-operations-platforms","200","Custom Business Consoles & Operations Platforms | CEL3 Interactive","Custom backoffice systems for managing customers, bookings, payments, content, staff workflows, reporting, and AI-assisted operations.","https://cel3interactive.com/business-consoles-operations-platforms","The secure backoffice behind your website, customers, bookings, payments, and operations.","Organization | WebSite | WebPage | BreadcrumbList | Service","false","true"
"/custom-web-applications","200","Custom Web Applications & Business Platforms | CEL3 Interactive","Custom portals, dashboards, ecommerce systems, booking flows, internal tools, and workflow platforms for companies that off-the-shelf software does not fit.","https://cel3interactive.com/custom-web-applications","Custom web applications built around how your business actually works.","Organization | WebSite | WebPage | BreadcrumbList | Service","false","true"
"/custom-data-dashboards","200","Custom CRMs, Dashboards & Reporting Systems | CEL3 Interactive","Custom CRMs, customer records, dashboards, and reporting surfaces that turn scattered data into clear operational views your team can trust.","https://cel3interactive.com/custom-data-dashboards","Turn scattered customer records and reporting into a dashboard your team can trust.","Organization | WebSite | WebPage | BreadcrumbList | Service","false","true"
"/interactive-digital-experiences","200","Business Websites & Digital Experiences | CEL3 Interactive","Business websites and digital experiences that explain services clearly, support customer action, and are built to be maintained.","https://cel3interactive.com/interactive-digital-experiences","Websites that explain the business and help customers take action.","Organization | WebSite | WebPage | BreadcrumbList | Service","false","true"
"/ai-enhanced-systems","200","AI-Assisted Workflows & Operations Systems | CEL3 Interactive","Practical AI-assisted workflows that help teams summarize, draft, route, follow up, and report faster while keeping important actions human-approved.","https://cel3interactive.com/ai-enhanced-systems","AI-assisted workflows that reduce admin without giving up control.","Organization | WebSite | WebPage | BreadcrumbList | Service","false","true"
"/client-portals-service-businesses","200","Client Portals for Service Businesses | CEL3 Interactive","Client portals, booking flows, dashboards, payment workflows, customer records, and AI-assisted admin tools for service businesses with disconnected operations.","https://cel3interactive.com/client-portals-service-businesses","Client portals, booking flows, dashboards, and business systems for service businesses.","Organization | WebSite | WebPage | BreadcrumbList | Service","false","true"
"/work","200","Case Studies & Platform Work | CEL3 Interactive","Explore CEL3 Interactive work across web apps, mobile app experiences, SaaS projects, websites, and digital business systems.","https://cel3interactive.com/work","Websites, SaaS products, apps, and business systems built with the same platform mindset.","Organization | WebSite | CollectionPage | BreadcrumbList","false","true"
"/assessment","200","$150 Digital Systems Audit | CEL3 Interactive","Review your website, tools, workflows and admin bottlenecks in a $150 Digital Systems Audit. Get recommendations and a roadmap before scoping a custom build.","https://cel3interactive.com/assessment","Find out what to fix, improve, automate, or build next.","Organization | WebSite | WebPage | BreadcrumbList | Service","false","true"
"/build-your-platform","200","Build Your Platform | CEL3 Interactive","Choose website, CRM, AI, ecommerce, mobile, and custom software features to generate a CEL3 Interactive business platform proposal.","https://cel3interactive.com/build-your-platform","Pick the pieces. CEL3 turns them into a platform plan.","Organization | WebSite | WebPage | BreadcrumbList","false","true"
"/work/sacred-vibes-yoga","200","Sacred Vibes Yoga Case Study | CEL3 Interactive","A multi-brand wellness platform running Sacred Vibes Yoga and its sub-brands Sacred Hands and Sacred Sound from one connected system — booking and payments, a paid membership content library, event sync, and an AI-powered admin assistant that manages the business by conversation.","https://cel3interactive.com/work/sacred-vibes-yoga","Sacred Vibes Yoga","Organization | WebSite | BreadcrumbList | WebPage | Article","false","true"
"/work/magdalenas-metaphysical","200","Magdalena's Metaphysical Case Study | CEL3 Interactive","A full ecommerce and business management platform for a Richmond botanica — product sales, practitioner bookings, events, and gift cards on the front end, with an AI-assisted admin console running the entire operation behind it.","https://cel3interactive.com/work/magdalenas-metaphysical","Magdalena's Metaphysical","Organization | WebSite | BreadcrumbList | WebPage | Article","false","true"
"/work/haus-of-anubis","200","Haus of Anubis Case Study | CEL3 Interactive","A cinematic ecommerce and business platform for a luxury spiritual apothecary — a full product catalog, services and ritual bookings, and a unified admin console that manages every part of the business from one place.","https://cel3interactive.com/work/haus-of-anubis","Haus of Anubis","Organization | WebSite | BreadcrumbList | WebPage | Article","false","true"
"/work/calm-therapeutic-massage","200","Calm Therapeutic Massage Case Study | CEL3 Interactive","A complete business management platform for a Virginia Beach massage practice — a marketing site, a full admin console, and Stripe-powered commerce running on one connected system, replacing a scattered mix of separate booking, payment, and email tools.","https://cel3interactive.com/work/calm-therapeutic-massage","Calm Therapeutic Massage","Organization | WebSite | BreadcrumbList | WebPage | Article","false","true"
"/work/blu-lotus-garden","200","Blu Lotus Garden Case Study | CEL3 Interactive","A full migration from WordPress/WooCommerce to a custom ecommerce and booking platform for a botanical wellness brand — herbal product sales, sound therapy bookings, wholesale inquiries, and a complete admin console replacing the old site entirely.","https://cel3interactive.com/work/blu-lotus-garden","Blu Lotus Garden","Organization | WebSite | BreadcrumbList | WebPage | Article","false","true"
"/work/mr-1-dribble-pull-up","200","Mr. 1 Dribble Pull Up Case Study | CEL3 Interactive","A full athlete development platform (AthleteOS) built as an installable app — training assignments, video-reviewed check-ins, XP and badge progression, team rosters, and a parent portal, run from a coach admin console with subscription billing built in.","https://cel3interactive.com/work/mr-1-dribble-pull-up","Mr. 1 Dribble Pull Up","Organization | WebSite | BreadcrumbList | WebPage | Article","false","true"
"/work/forgeos","200","ForgeOS Case Study | CEL3 Interactive","A business operating workspace for managing clients, projects, systems, delivery workflows, and repeatable service operations in one place.","https://cel3interactive.com/work/forgeos","ForgeOS","Organization | WebSite | BreadcrumbList | WebPage | Article","false","true"
"/work/flowforge","200","FlowForge Case Study | CEL3 Interactive","A workflow automation product concept for designing repeatable processes, triggers, handoffs, approvals, and execution paths.","https://cel3interactive.com/work/flowforge","FlowForge","Organization | WebSite | BreadcrumbList | WebPage | Article","false","true"
"/work/griotos","200","GriotOS Case Study | CEL3 Interactive","GriotOS is a multi-channel marketing and social media operations platform built to unify publishing, campaign execution, audience management, and AI-assisted content workflows in one system.","https://cel3interactive.com/work/griotos","GriotOS","Organization | WebSite | BreadcrumbList | WebPage | Article","false","true"
"/work/biobox","200","BioBox Case Study | CEL3 Interactive","BioBox is a modular creator profile and digital presence platform that combines link-in-bio functionality, media, commerce, messaging, discovery, and Studio collaboration in one flexible system.","https://cel3interactive.com/work/biobox","BioBox","Organization | WebSite | BreadcrumbList | WebPage | Article","false","true"
"/work/archeionos","200","ArcheionOS Case Study | CEL3 Interactive","A backoffice operating system for managing clients, projects, billing, contracts, automations, email, portals, and operational records.","https://cel3interactive.com/work/archeionos","ArcheionOS","Organization | WebSite | BreadcrumbList | WebPage | Article","false","true"
"/work/meterwise","200","MeterWise Case Study | CEL3 Interactive","A utility intelligence platform concept for tracking usage, accounts, alerts, customer-facing energy insights, and operational visibility.","https://cel3interactive.com/work/meterwise","MeterWise","Organization | WebSite | BreadcrumbList | WebPage | Article","false","true"