path,status,title,robots,headerRobots,h1,description,canonical,links,error
"/mockups/electric-sun-society/Choose a direction-html/A · Homepage — Desktop-html/Main.dc.html","200","Electric Sun Society — Vibes At Sunset","","","SUNSET","","","24",""
"/mockups/electric-sun-society/Choose a direction-html/A · Homepage — Mobile-html/Mobile.dc.html","200","Electric Sun Society — Mobile","","","SUNSET","","","13",""
"/mockups/electric-sun-society/Choose a direction-html/A · RSVP flow — Oct 8 finale-html/RSVP.dc.html","200","RSVP — Vibes At Sunset finale","","","Save your spot","","","4",""
"/mockups/electric-sun-society/Choose a direction-html/B · Homepage — Desktop-html/HomeB.dc.html","200","Concept B — Hillside Press","","","VIBES
    at
    SUNSET","","","21",""
"/mockups/electric-sun-society/Choose a direction-html/B · Homepage — Mobile-html/MobileB.dc.html","200","Concept B — Hillside Press, mobile","","","VIBES
    at
    SUNSET","","","13",""
"/mockups/electric-sun-society/Choose a direction-html/B · RSVP reply card — Oct 8 finale-html/RSVPB.dc.html","200","Concept B — RSVP reply card","","","Count me in.","","","4",""
"/mockups/electric-sun-society/Choose a direction-html/C · Homepage — Desktop-html/HomeC.dc.html","200","Concept C — Sound System","","","Vibes at
      SUNSET","","","19",""
"/mockups/electric-sun-society/Choose a direction-html/C · Homepage — Mobile-html/MobileC.dc.html","200","Concept C — Sound System, mobile","","","Vibes atSUNSET","","","12",""
"/mockups/electric-sun-society/Choose a direction-html/C · Pre-save (RSVP) — Oct 8 finale-html/RSVPC.dc.html","200","Concept C — Pre-save the finale","","","Season Finale","","","4",""
"/mockups/electric-sun-society/Choose a direction-html/Choose.dc.html","200","Electric Sun Society — Design options","","","","","","1",""
"/mockups/electric-sun-society/index.html","200","Choose a direction — Electric Sun Society","","","Three ways to watch the sun go down.","","","14",""
"/mockups/enrich-her-wellness/index.html","200","Enrich Her Wellness — Three directions","","","Three ways to bring Enrich Her Wellness to life.","","","9",""
"/mockups/enrich-her-wellness/Start here — Three directions-html/Concept A — Gilded Calm · Instagram-html/InstaA.dc.html","200","Gilded Calm — Instagram","","","","","","1",""
"/mockups/enrich-her-wellness/Start here — Three directions-html/Concept A — Gilded Calm · Website-html/SiteA.dc.html","200","Enrich Her Wellness — Gilded Calm","","","Elevated wellnessfor every lifestyle.","","","18",""
"/mockups/enrich-her-wellness/Start here — Three directions-html/Concept B — Garden Gold · Instagram-html/InstaB.dc.html","200","Garden Gold — Instagram","","","","","","1",""
"/mockups/enrich-her-wellness/Start here — Three directions-html/Concept B — Garden Gold · Website-html/SiteB.dc.html","200","Enrich Her Wellness — Garden Gold","","","Nourish your body. Enrich your life.","","","19",""
"/mockups/enrich-her-wellness/Start here — Three directions-html/Concept C — Golden Hour · Instagram-html/InstaC.dc.html","200","Golden Hour — Instagram","","","","","","1",""
"/mockups/enrich-her-wellness/Start here — Three directions-html/Concept C — Golden Hour · Website-html/SiteC.dc.html","200","Enrich Her Wellness — Golden Hour","","","Well,her way.","","","19",""
"/mockups/enrich-her-wellness/Start here — Three directions-html/Main.dc.html","200","Enrich Her Wellness concepts","","","","","","1",""
"/mockups/frith-yorkies/index.html","200","Frith Yorkies & More | Portsmouth, Virginia","","","Every good dogstarts with Honey.","","","28",""
"/mockups/glue-craft-studio/Home (client landing page)-html/Cut & Paste · Desktop-html/Main.dc.html","200","Glue Craft Studio — Cut & Paste","","","Anyone
        can
        create.","","","25",""
"/mockups/glue-craft-studio/Home (client landing page)-html/Cut & Paste · Mobile-html/Mobile.dc.html","200","Glue Craft Studio — Cut & Paste Mobile","","","Anyone
      can
      create.","","","20",""
"/mockups/glue-craft-studio/Home (client landing page)-html/Home.dc.html","200","Glue Craft Studio concepts","","","","","","1",""
"/mockups/glue-craft-studio/Home (client landing page)-html/Open Studio · Desktop-html/OpenStudio.dc.html","200","Glue Craft Studio — Open Studio","","","Anyone can create.","","","24",""
"/mockups/glue-craft-studio/Home (client landing page)-html/Open Studio · Mobile-html/OpenStudioMobile.dc.html","200","Glue Craft Studio — Open Studio Mobile","","","Anyone can create.","","","19",""
"/mockups/glue-craft-studio/Home (client landing page)-html/Overprint · Desktop-html/Overprint.dc.html","200","Glue Craft Studio — Overprint","","","Anyonecancreate.","","","25",""
"/mockups/glue-craft-studio/Home (client landing page)-html/Overprint · Mobile-html/OverprintMobile.dc.html","200","Glue Craft Studio — Overprint Mobile","","","Anyonecancreate.","","","20",""
"/mockups/glue-craft-studio/index.html","200","Glue Craft Studio — Website redesign concepts","","","Three ways Glue Craft Studio could look online.","","","6",""
"/mockups/neejah-styles/Home — Choose a Direction-html/Home.dc.html","200","Najeeah Styles — Design Options","","","","","","1",""
"/mockups/neejah-styles/Home — Choose a Direction-html/Option A — Golden Hour (Desktop)-html/Main.dc.html","200","Najeeah Styles — Golden Hour","","","SunkissedSummer","","","13",""
"/mockups/neejah-styles/Home — Choose a Direction-html/Option A — Golden Hour (Mobile)-html/Mobile.dc.html","200","Najeeah Styles — Golden Hour (Mobile)","","","Sunkissed Summer","","","6",""
"/mockups/neejah-styles/Home — Choose a Direction-html/Option B — Boutique Classic (Desktop)-html/Editorial.dc.html","200","Najeeah Styles — Boutique Classic","","","SunkissedSummer","","","13",""
"/mockups/neejah-styles/Home — Choose a Direction-html/Option B — Boutique Classic (Mobile)-html/EditorialMobile.dc.html","200","Najeeah Styles — Boutique Classic (Mobile)","","","Sunkissed Summer","","","5",""
"/mockups/neejah-styles/Home — Choose a Direction-html/Option C — Sunkissed Modern (Desktop)-html/Ticket.dc.html","200","Najeeah Styles — Sunkissed Modern","","","Sunkissed Summer ☀️","","","14",""
"/mockups/neejah-styles/Home — Choose a Direction-html/Option C — Sunkissed Modern (Mobile)-html/TicketMobile.dc.html","200","Najeeah Styles — Sunkissed Modern (Mobile)","","","Sunkissed Summer ☀️","","","7",""
"/mockups/neejah-styles/Home — Choose a Direction-html/Option D — Interactive Experience (Mobile)-html/FlagshipMobile.dc.html","200","Najeeah Styles — Sun Kissed Summer (Mobile)","","","Sunkissed Summer","","","14",""
"/mockups/neejah-styles/Home — Choose a Direction-html/Option D — Interactive Experience-html/Flagship.dc.html","200","Najeeah Styles — Sun Kissed Summer","","","SunkissedSummer","","","14",""
"/mockups/neejah-styles/index.html","200","Najeeah Styles — Design Options","","","Four directions for the Sun Kissed Summer relaunch.","","","8",""
"/mockups/secret-squares/Home · Client landing page-html/A · Gig Poster · Desktop-html/Main.dc.html","200","Secret Squares — Gig Poster","","","Square pies.Sourdoughsoul.","","","17",""
"/mockups/secret-squares/Home · Client landing page-html/A · Gig Poster · Mobile-html/Mobile.dc.html","200","Secret Squares — Gig Poster Mobile","","","Square pies.Sourdoughsoul.","","","11",""
"/mockups/secret-squares/Home · Client landing page-html/B · The Menu · Desktop-html/Editorial.dc.html","200","Secret Squares — The Menu","","","Square pizza, made the slow way.","","","15",""
"/mockups/secret-squares/Home · Client landing page-html/B · The Menu · Mobile-html/EditorialMobile.dc.html","200","Secret Squares — The Menu Mobile","","","Square pizza, made the slow way.","","","10",""
"/mockups/secret-squares/Home · Client landing page-html/C · Kitchen Ticket · Desktop-html/Ticket.dc.html","200","Secret Squares — Kitchen Ticket","","","Pick yoursquares.Pick your time.","","","16",""
"/mockups/secret-squares/Home · Client landing page-html/C · Kitchen Ticket · Mobile-html/TicketMobile.dc.html","200","Secret Squares — Kitchen Ticket Mobile","","","Pick your squares. Pick your time.","","","10",""
"/mockups/secret-squares/Home · Client landing page-html/Home.dc.html","200","Secret Squares concepts","","","","","","1",""
"/mockups/secret-squares/index.html","200","Secret Squares — Website redesign concepts","","","Three ways Secret Squares could serve you online.","","","6",""
"/mockups/unlockingrva/A · Desktop home-html/A · Mobile home-html/Mobile.dc.html","200","UnlockingRVA — Sticker Pop Mobile","","","There's always
      something to
      do in RVA.","","","20",""
"/mockups/unlockingrva/A · Desktop home-html/Main.dc.html","200","UnlockingRVA — Sticker Pop","","","There's always
        something to
        do in RVA.","","","35",""
"/mockups/unlockingrva/B · Desktop home-html/AfterDark.dc.html","200","UnlockingRVA — After Dark","","","Always
        Something
        Onin RVA.","","","36",""
"/mockups/unlockingrva/B · Desktop home-html/B · Mobile home-html/AfterDarkMobile.dc.html","200","UnlockingRVA — After Dark Mobile","","","Always
        Something
        Onin RVA.","","","20",""
"/mockups/unlockingrva/C · Desktop home-html/Almanac.dc.html","200","UnlockingRVA — The Almanac","","","There's always something to do in Richmond.","","","37",""
"/mockups/unlockingrva/C · Desktop home-html/C · Mobile home-html/AlmanacMobile.dc.html","200","UnlockingRVA — The Almanac Mobile","","","There's always something to do in Richmond.","","","22",""
"/mockups/unlockingrva/Client home · pick an option-html/Home.dc.html","200","UnlockingRVA — Redesign concepts","","","","","","1",""
"/mockups/unlockingrva/index.html","200","UnlockingRVA — Redesign concepts","","","Three directions for the new UnlockingRVA.","","","6",""
"/mockups/youmatterrva/index.html","200","You Matter — Website redesign concepts","","","Four directions for the new You Matter website.","","","18",""
"/mockups/youmatterrva/Start here — Pick a direction-html/Concept A — Fresh Pressed · Instagram-html/InstaA.dc.html","200","Fresh Pressed — Instagram","","","","","","1",""
"/mockups/youmatterrva/Start here — Pick a direction-html/Concept A — Fresh Pressed-html/Main.dc.html","200","You Matter — Fresh Pressed","","","Pressed fresh.Made for you.","","","11",""
"/mockups/youmatterrva/Start here — Pick a direction-html/Concept B — Because You Matter · Instagram-html/InstaB.dc.html","200","Because You Matter — Instagram","","","","","","1",""
"/mockups/youmatterrva/Start here — Pick a direction-html/Concept B — Because You Matter-html/Mission.dc.html","200","You Matter — Because You Matter","","","Youmatter.","","","11",""
"/mockups/youmatterrva/Start here — Pick a direction-html/Concept C — True Colors · Instagram-html/InstaC.dc.html","200","True Colors — Instagram","","","","","","1",""
"/mockups/youmatterrva/Start here — Pick a direction-html/Concept C — True Colors-html/Fresh.dc.html","200","You Matter — True Colors","","","Juice that loves you back.","","","13",""
"/mockups/youmatterrva/Start here — Pick a direction-html/Concept D — Order-First Companion-html/DwithA.dc.html","200","You Matter — Order-First Companion · Paired with A","","","","","","8",""
"/mockups/youmatterrva/Start here — Pick a direction-html/Concept D — Order-First Companion-html/DwithB.dc.html","200","You Matter — Order-First Companion · Paired with B","","","","","","8",""
"/mockups/youmatterrva/Start here — Pick a direction-html/Concept D — Order-First Companion-html/DwithC.dc.html","200","You Matter — Order-First Companion · Paired with C","","","","","","8",""
"/mockups/youmatterrva/Start here — Pick a direction-html/Concept D — Order-First Companion-html/OrderApp.dc.html","200","You Matter — Order-First Companion","","","","","","8",""
"/mockups/youmatterrva/Start here — Pick a direction-html/Home.dc.html","200","You Matter concepts","","","","","","1",""