path,location,names,email,phoneLinks,address
"/","title","CEL3 Interactive","","",""
"/","header","CEL3 Interactive | CEL3Interactive","","",""
"/","main","CEL3 Interactive | cel3interactive | CEL3","","",""
"/","footer","CEL3 Interactive | CEL3Interactive | cel3interactive","info@cel3interactive.com","",""
"/business-consoles-operations-platforms","title","CEL3 Interactive","","",""
"/business-consoles-operations-platforms","header","CEL3 Interactive | CEL3Interactive","","",""
"/business-consoles-operations-platforms","main","CEL3","","",""
"/business-consoles-operations-platforms","footer","CEL3 Interactive | CEL3Interactive | cel3interactive","info@cel3interactive.com","",""
"/custom-web-applications","title","CEL3 Interactive","","",""
"/custom-web-applications","header","CEL3 Interactive | CEL3Interactive","","",""
"/custom-web-applications","main","CEL3","","",""
"/custom-web-applications","footer","CEL3 Interactive | CEL3Interactive | cel3interactive","info@cel3interactive.com","",""
"/custom-data-dashboards","title","CEL3 Interactive","","",""
"/custom-data-dashboards","header","CEL3 Interactive | CEL3Interactive","","",""
"/custom-data-dashboards","main","CEL3","","",""
"/custom-data-dashboards","footer","CEL3 Interactive | CEL3Interactive | cel3interactive","info@cel3interactive.com","",""
"/interactive-digital-experiences","title","CEL3 Interactive","","",""
"/interactive-digital-experiences","header","CEL3 Interactive | CEL3Interactive","","",""
"/interactive-digital-experiences","footer","CEL3 Interactive | CEL3Interactive | cel3interactive","info@cel3interactive.com","",""
"/ai-enhanced-systems","title","CEL3 Interactive","","",""
"/ai-enhanced-systems","header","CEL3 Interactive | CEL3Interactive","","",""
"/ai-enhanced-systems","main","CEL3","","",""
"/ai-enhanced-systems","footer","CEL3 Interactive | CEL3Interactive | cel3interactive","info@cel3interactive.com","",""
"/client-portals-service-businesses","title","CEL3 Interactive","","",""
"/client-portals-service-businesses","header","CEL3 Interactive | CEL3Interactive","","",""
"/client-portals-service-businesses","main","CEL3","","",""
"/client-portals-service-businesses","footer","CEL3 Interactive | CEL3Interactive | cel3interactive","info@cel3interactive.com","",""
"/work","title","CEL3 Interactive","","",""
"/work","header","CEL3 Interactive | CEL3Interactive","","",""
"/work","main","CEL3","","",""
"/work","footer","CEL3 Interactive | CEL3Interactive | cel3interactive","info@cel3interactive.com","",""
"/assessment","title","CEL3 Interactive","","",""
"/assessment","header","CEL3 Interactive | CEL3Interactive","","",""
"/assessment","main","CEL3 | CEL3 Interactive","","",""
"/assessment","footer","CEL3 Interactive | CEL3Interactive | cel3interactive","info@cel3interactive.com","",""
"/build-your-platform","title","CEL3 Interactive","","",""
"/build-your-platform","header","CEL3 Interactive | CEL3Interactive","","",""
"/build-your-platform","footer","CEL3 Interactive | CEL3Interactive | cel3interactive","info@cel3interactive.com","",""
"/work/sacred-vibes-yoga","title","CEL3 Interactive","","",""
"/work/sacred-vibes-yoga","header","CEL3 Interactive | CEL3Interactive","","",""
"/work/sacred-vibes-yoga","main","CEL3","","",""
"/work/sacred-vibes-yoga","footer","CEL3 Interactive | CEL3Interactive | cel3interactive","info@cel3interactive.com","",""
"/work/magdalenas-metaphysical","title","CEL3 Interactive","","",""
"/work/magdalenas-metaphysical","header","CEL3 Interactive | CEL3Interactive","","",""
"/work/magdalenas-metaphysical","main","CEL3","","",""
"/work/magdalenas-metaphysical","footer","CEL3 Interactive | CEL3Interactive | cel3interactive","info@cel3interactive.com","",""
"/work/haus-of-anubis","title","CEL3 Interactive","","",""
"/work/haus-of-anubis","header","CEL3 Interactive | CEL3Interactive","","",""
"/work/haus-of-anubis","main","CEL3","","",""
"/work/haus-of-anubis","footer","CEL3 Interactive | CEL3Interactive | cel3interactive","info@cel3interactive.com","",""
"/work/calm-therapeutic-massage","title","CEL3 Interactive","","",""
"/work/calm-therapeutic-massage","header","CEL3 Interactive | CEL3Interactive","","",""
"/work/calm-therapeutic-massage","main","CEL3","","",""
"/work/calm-therapeutic-massage","footer","CEL3 Interactive | CEL3Interactive | cel3interactive","info@cel3interactive.com","",""
"/work/blu-lotus-garden","title","CEL3 Interactive","","",""
"/work/blu-lotus-garden","header","CEL3 Interactive | CEL3Interactive","","",""
"/work/blu-lotus-garden","main","CEL3","","",""
"/work/blu-lotus-garden","footer","CEL3 Interactive | CEL3Interactive | cel3interactive","info@cel3interactive.com","",""
"/work/mr-1-dribble-pull-up","title","CEL3 Interactive","","",""
"/work/mr-1-dribble-pull-up","header","CEL3 Interactive | CEL3Interactive","","",""
"/work/mr-1-dribble-pull-up","main","CEL3","","",""
"/work/mr-1-dribble-pull-up","footer","CEL3 Interactive | CEL3Interactive | cel3interactive","info@cel3interactive.com","",""
"/work/forgeos","title","CEL3 Interactive","","",""
"/work/forgeos","header","CEL3 Interactive | CEL3Interactive","","",""
"/work/forgeos","main","CEL3","","",""
"/work/forgeos","footer","CEL3 Interactive | CEL3Interactive | cel3interactive","info@cel3interactive.com","",""
"/work/flowforge","title","CEL3 Interactive","","",""
"/work/flowforge","header","CEL3 Interactive | CEL3Interactive","","",""
"/work/flowforge","main","CEL3","","",""
"/work/flowforge","footer","CEL3 Interactive | CEL3Interactive | cel3interactive","info@cel3interactive.com","",""
"/work/griotos","title","CEL3 Interactive","","",""
"/work/griotos","header","CEL3 Interactive | CEL3Interactive","","",""
"/work/griotos","main","CEL3","","",""
"/work/griotos","footer","CEL3 Interactive | CEL3Interactive | cel3interactive","info@cel3interactive.com","",""
"/work/biobox","title","CEL3 Interactive","","",""
"/work/biobox","header","CEL3 Interactive | CEL3Interactive","","",""
"/work/biobox","main","CEL3","","",""
"/work/biobox","footer","CEL3 Interactive | CEL3Interactive | cel3interactive","info@cel3interactive.com","",""
"/work/archeionos","title","CEL3 Interactive","","",""
"/work/archeionos","header","CEL3 Interactive | CEL3Interactive","","",""
"/work/archeionos","main","CEL3","","",""
"/work/archeionos","footer","CEL3 Interactive | CEL3Interactive | cel3interactive","info@cel3interactive.com","",""
"/work/meterwise","title","CEL3 Interactive","","",""
"/work/meterwise","header","CEL3 Interactive | CEL3Interactive","","",""
"/work/meterwise","main","CEL3","","",""
"/work/meterwise","footer","CEL3 Interactive | CEL3Interactive | cel3interactive","info@cel3interactive.com","",""