path,page_type,observed_CEL3_names,CEL3_email,contact_attribution
/assessment/success,Public utility / entry page,CEL 3 Interactive | CEL3 Interactive | cel3interactive,info@cel3interactive.com,No confirmed CEL3 phone/address found
/site-suspended,Public utility / entry page,CEL 3 Interactive | CEL3 Interactive | cel3interactive,info@cel3interactive.com,No confirmed CEL3 phone/address found
/downloads/unlockingrva,Public utility / entry page,CEL3 INTERACTIVE | CEL3 Interactive,,No confirmed CEL3 phone/address found
/mockups,Public utility / entry page,CEL3 INTERACTIVE | CEL3 Interactive,,No confirmed CEL3 phone/address found
/admin/login,Public utility / entry page,CEL3 Interactive,,No confirmed CEL3 phone/address found
/portal/auth/login,Public utility / entry page,CEL3 Interactive,,No confirmed CEL3 phone/address found
/mockups/electric-sun-society/Choose a direction-html/A · Homepage — Desktop-html/Main.dc.html,Client preview,,,Client contact details are not CEL3 NAP
/mockups/electric-sun-society/Choose a direction-html/A · Homepage — Mobile-html/Mobile.dc.html,Client preview,,,Client contact details are not CEL3 NAP
/mockups/electric-sun-society/Choose a direction-html/A · RSVP flow — Oct 8 finale-html/RSVP.dc.html,Client preview,,,Client contact details are not CEL3 NAP
/mockups/electric-sun-society/Choose a direction-html/B · Homepage — Desktop-html/HomeB.dc.html,Client preview,,,Client contact details are not CEL3 NAP
/mockups/electric-sun-society/Choose a direction-html/B · Homepage — Mobile-html/MobileB.dc.html,Client preview,,,Client contact details are not CEL3 NAP
/mockups/electric-sun-society/Choose a direction-html/B · RSVP reply card — Oct 8 finale-html/RSVPB.dc.html,Client preview,,,Client contact details are not CEL3 NAP
/mockups/electric-sun-society/Choose a direction-html/C · Homepage — Desktop-html/HomeC.dc.html,Client preview,,,Client contact details are not CEL3 NAP
/mockups/electric-sun-society/Choose a direction-html/C · Homepage — Mobile-html/MobileC.dc.html,Client preview,,,Client contact details are not CEL3 NAP
/mockups/electric-sun-society/Choose a direction-html/C · Pre-save (RSVP) — Oct 8 finale-html/RSVPC.dc.html,Client preview,,,Client contact details are not CEL3 NAP
/mockups/electric-sun-society/Choose a direction-html/Choose.dc.html,Client preview,,,Client contact details are not CEL3 NAP
/mockups/electric-sun-society/index.html,Client preview,CEL3 | CEL3 Interactive | cel3interactive,info@cel3interactive.com,Client contact details are not CEL3 NAP
/mockups/enrich-her-wellness/Start here — Three directions-html/Concept A — Gilded Calm · Instagram-html/InstaA.dc.html,Client preview,,,Client contact details are not CEL3 NAP
/mockups/enrich-her-wellness/Start here — Three directions-html/Concept A — Gilded Calm · Website-html/SiteA.dc.html,Client preview,,,Client contact details are not CEL3 NAP
/mockups/enrich-her-wellness/Start here — Three directions-html/Concept B — Garden Gold · Instagram-html/InstaB.dc.html,Client preview,,,Client contact details are not CEL3 NAP
/mockups/enrich-her-wellness/Start here — Three directions-html/Concept B — Garden Gold · Website-html/SiteB.dc.html,Client preview,,,Client contact details are not CEL3 NAP
/mockups/enrich-her-wellness/Start here — Three directions-html/Concept C — Golden Hour · Instagram-html/InstaC.dc.html,Client preview,,,Client contact details are not CEL3 NAP
/mockups/enrich-her-wellness/Start here — Three directions-html/Concept C — Golden Hour · Website-html/SiteC.dc.html,Client preview,,,Client contact details are not CEL3 NAP
/mockups/enrich-her-wellness/Start here — Three directions-html/Main.dc.html,Client preview,,,Client contact details are not CEL3 NAP
/mockups/enrich-her-wellness/index.html,Client preview,CEL3 Interactive,,Client contact details are not CEL3 NAP
/mockups/frith-yorkies/index.html,Client preview,,,Client contact details are not CEL3 NAP
/mockups/glue-craft-studio/Home (client landing page)-html/Cut & Paste · Desktop-html/Main.dc.html,Client preview,,,Client contact details are not CEL3 NAP
/mockups/glue-craft-studio/Home (client landing page)-html/Cut & Paste · Mobile-html/Mobile.dc.html,Client preview,,,Client contact details are not CEL3 NAP
/mockups/glue-craft-studio/Home (client landing page)-html/Home.dc.html,Client preview,,,Client contact details are not CEL3 NAP
/mockups/glue-craft-studio/Home (client landing page)-html/Open Studio · Desktop-html/OpenStudio.dc.html,Client preview,,,Client contact details are not CEL3 NAP
/mockups/glue-craft-studio/Home (client landing page)-html/Open Studio · Mobile-html/OpenStudioMobile.dc.html,Client preview,,,Client contact details are not CEL3 NAP
/mockups/glue-craft-studio/Home (client landing page)-html/Overprint · Desktop-html/Overprint.dc.html,Client preview,,,Client contact details are not CEL3 NAP
/mockups/glue-craft-studio/Home (client landing page)-html/Overprint · Mobile-html/OverprintMobile.dc.html,Client preview,,,Client contact details are not CEL3 NAP
/mockups/glue-craft-studio/index.html,Client preview,CEL3 Interactive,,Client contact details are not CEL3 NAP
/mockups/neejah-styles/Home — Choose a Direction-html/Home.dc.html,Client preview,,,Client contact details are not CEL3 NAP
/mockups/neejah-styles/Home — Choose a Direction-html/Option A — Golden Hour (Desktop)-html/Main.dc.html,Client preview,,,Client contact details are not CEL3 NAP
/mockups/neejah-styles/Home — Choose a Direction-html/Option A — Golden Hour (Mobile)-html/Mobile.dc.html,Client preview,,,Client contact details are not CEL3 NAP
/mockups/neejah-styles/Home — Choose a Direction-html/Option B — Boutique Classic (Desktop)-html/Editorial.dc.html,Client preview,,,Client contact details are not CEL3 NAP
/mockups/neejah-styles/Home — Choose a Direction-html/Option B — Boutique Classic (Mobile)-html/EditorialMobile.dc.html,Client preview,,,Client contact details are not CEL3 NAP
/mockups/neejah-styles/Home — Choose a Direction-html/Option C — Sunkissed Modern (Desktop)-html/Ticket.dc.html,Client preview,,,Client contact details are not CEL3 NAP
/mockups/neejah-styles/Home — Choose a Direction-html/Option C — Sunkissed Modern (Mobile)-html/TicketMobile.dc.html,Client preview,,,Client contact details are not CEL3 NAP
/mockups/neejah-styles/Home — Choose a Direction-html/Option D — Interactive Experience (Mobile)-html/FlagshipMobile.dc.html,Client preview,,,Client contact details are not CEL3 NAP
/mockups/neejah-styles/Home — Choose a Direction-html/Option D — Interactive Experience-html/Flagship.dc.html,Client preview,,,Client contact details are not CEL3 NAP
/mockups/neejah-styles/index.html,Client preview,CEL3 Interactive,,Client contact details are not CEL3 NAP
/mockups/secret-squares/Home · Client landing page-html/A · Gig Poster · Desktop-html/Main.dc.html,Client preview,,,Client contact details are not CEL3 NAP
/mockups/secret-squares/Home · Client landing page-html/A · Gig Poster · Mobile-html/Mobile.dc.html,Client preview,,,Client contact details are not CEL3 NAP
/mockups/secret-squares/Home · Client landing page-html/B · The Menu · Desktop-html/Editorial.dc.html,Client preview,,,Client contact details are not CEL3 NAP
/mockups/secret-squares/Home · Client landing page-html/B · The Menu · Mobile-html/EditorialMobile.dc.html,Client preview,,,Client contact details are not CEL3 NAP
/mockups/secret-squares/Home · Client landing page-html/C · Kitchen Ticket · Desktop-html/Ticket.dc.html,Client preview,,,Client contact details are not CEL3 NAP
/mockups/secret-squares/Home · Client landing page-html/C · Kitchen Ticket · Mobile-html/TicketMobile.dc.html,Client preview,,,Client contact details are not CEL3 NAP
/mockups/secret-squares/Home · Client landing page-html/Home.dc.html,Client preview,,,Client contact details are not CEL3 NAP
/mockups/secret-squares/index.html,Client preview,CEL3 Interactive,,Client contact details are not CEL3 NAP
/mockups/unlockingrva/A · Desktop home-html/A · Mobile home-html/Mobile.dc.html,Client preview,,,Client contact details are not CEL3 NAP
/mockups/unlockingrva/A · Desktop home-html/Main.dc.html,Client preview,,,Client contact details are not CEL3 NAP
/mockups/unlockingrva/B · Desktop home-html/AfterDark.dc.html,Client preview,,,Client contact details are not CEL3 NAP
/mockups/unlockingrva/B · Desktop home-html/B · Mobile home-html/AfterDarkMobile.dc.html,Client preview,,,Client contact details are not CEL3 NAP
/mockups/unlockingrva/C · Desktop home-html/Almanac.dc.html,Client preview,,,Client contact details are not CEL3 NAP
/mockups/unlockingrva/C · Desktop home-html/C · Mobile home-html/AlmanacMobile.dc.html,Client preview,,,Client contact details are not CEL3 NAP
/mockups/unlockingrva/Client home · pick an option-html/Home.dc.html,Client preview,,,Client contact details are not CEL3 NAP
/mockups/unlockingrva/index.html,Client preview,CEL3 Interactive,,Client contact details are not CEL3 NAP
/mockups/youmatterrva/Start here — Pick a direction-html/Concept A — Fresh Pressed · Instagram-html/InstaA.dc.html,Client preview,,,Client contact details are not CEL3 NAP
/mockups/youmatterrva/Start here — Pick a direction-html/Concept A — Fresh Pressed-html/Main.dc.html,Client preview,,,Client contact details are not CEL3 NAP
/mockups/youmatterrva/Start here — Pick a direction-html/Concept B — Because You Matter · Instagram-html/InstaB.dc.html,Client preview,,,Client contact details are not CEL3 NAP
/mockups/youmatterrva/Start here — Pick a direction-html/Concept B — Because You Matter-html/Mission.dc.html,Client preview,,,Client contact details are not CEL3 NAP
/mockups/youmatterrva/Start here — Pick a direction-html/Concept C — True Colors · Instagram-html/InstaC.dc.html,Client preview,,,Client contact details are not CEL3 NAP
/mockups/youmatterrva/Start here — Pick a direction-html/Concept C — True Colors-html/Fresh.dc.html,Client preview,,,Client contact details are not CEL3 NAP
/mockups/youmatterrva/Start here — Pick a direction-html/Concept D — Order-First Companion-html/DwithA.dc.html,Client preview,,,Client contact details are not CEL3 NAP
/mockups/youmatterrva/Start here — Pick a direction-html/Concept D — Order-First Companion-html/DwithB.dc.html,Client preview,,,Client contact details are not CEL3 NAP
/mockups/youmatterrva/Start here — Pick a direction-html/Concept D — Order-First Companion-html/DwithC.dc.html,Client preview,,,Client contact details are not CEL3 NAP
/mockups/youmatterrva/Start here — Pick a direction-html/Concept D — Order-First Companion-html/OrderApp.dc.html,Client preview,,,Client contact details are not CEL3 NAP
/mockups/youmatterrva/Start here — Pick a direction-html/Home.dc.html,Client preview,,,Client contact details are not CEL3 NAP
/mockups/youmatterrva/index.html,Client preview,CEL3 Interactive,,Client contact details are not CEL3 NAP
